﻿<?xml version="1.0" encoding="utf-8" ?>

<objects xmlns="http://www.springframework.net"
         xmlns:db="http://www.springframework.net/database"
         xmlns:tx="http://www.springframework.net/tx"
         xmlns:aop="http://www.springframework.net/aop">

  <object id="throwsException"
        type="RECEPTIO.CapaServiciosDistribuidos.Transaction.Servicios.Aspectos.ThrowsException, RECEPTIO.CapaServiciosDistribuidos.Transaction.Servicios">
  </object>

  <object id="AdministradorPreGate" type="Spring.Aop.Framework.ProxyFactoryObject">
    <property name="Target">
      <object type="RECEPTIO.CapaDominio.Transaction.ServiciosDominio.ServicioPreGate, RECEPTIO.CapaDominio.Transaction.ServiciosDominio">
        <constructor-arg ref="RepositorioPreGate"/>
        <constructor-arg ref="RepositorioTransaccion"/>
        <constructor-arg ref="RepositorioValidaAduana"/>
        <constructor-arg ref="RepositorioValidacionesN4"/>
        <constructor-arg ref="RepositorioQuiosco"/>
      </object>
    </property>
    <property name="InterceptorNames">
      <list>
        <value>throwsException</value>
      </list>
    </property>
  </object>

  <object name ="RepositorioPreGate" type="RECEPTIO.CapaInfraestructura.Nucleo.Infraestructura.RepositorioPreGate, RECEPTIO.CapaInfraestructura.Nucleo.Infraestructura"/>
  <object name ="RepositorioTransaccion" type="RECEPTIO.CapaInfraestructura.Nucleo.Infraestructura.RepositorioTransaccionQuiosco, RECEPTIO.CapaInfraestructura.Nucleo.Infraestructura"/>
  <object name ="RepositorioValidaAduana" type="RECEPTIO.CapaInfraestructura.Nucleo.Infraestructura.RepositorioValidaAduana, RECEPTIO.CapaInfraestructura.Nucleo.Infraestructura"/>
  <object name ="RepositorioValidacionesN4" type="RECEPTIO.CapaInfraestructura.Transaction.SqlEntityFramework.Repositorios.RepositorioValidacionesN4, RECEPTIO.CapaInfraestructura.Transaction.SqlEntityFramework"/>
  <object name ="RepositorioQuiosco" type="RECEPTIO.CapaInfraestructura.Nucleo.Infraestructura.RepositorioQuiosco, RECEPTIO.CapaInfraestructura.Nucleo.Infraestructura"/>
</objects>
