﻿<?xml version="1.0" encoding="utf-8" ?>

<objects xmlns="http://www.springframework.net"
         xmlns:db="http://www.springframework.net/database"
         xmlns:tx="http://www.springframework.net/tx"
         xmlns:aop="http://www.springframework.net/aop">

  <object id="throwsException"
        type="RECEPTIO.CapaServiciosDistribuidos.Mobile.Servicios.Aspectos.ThrowsException, RECEPTIO.CapaServiciosDistribuidos.Mobile.Servicios">
  </object>

  <object id="AdministradorPrincipal" type="Spring.Aop.Framework.ProxyFactoryObject">
    <property name="Target">
      <object type="RECEPTIO.CapaDominio.Mobile.ServiciosDominio.ServicioPrincipal, RECEPTIO.CapaDominio.Mobile.ServiciosDominio">
        <constructor-arg ref="RepositorioZone"/>
        <constructor-arg ref="RepositorioDevice"/>
      </object>
    </property>
    <property name="InterceptorNames">
      <list>
        <value>throwsException</value>
      </list>
    </property>
  </object>

  <object name ="RepositorioZone" type="RECEPTIO.CapaInfraestructura.Mobile.SqlEntityFramework.Repositorios.RepositorioZone, RECEPTIO.CapaInfraestructura.Mobile.SqlEntityFramework"/>
  <object name ="RepositorioDevice" type="RECEPTIO.CapaInfraestructura.Mobile.SqlEntityFramework.Repositorios.RepositorioDevice, RECEPTIO.CapaInfraestructura.Mobile.SqlEntityFramework"/>
</objects>
